samples,used_samples,width,height,fx_gt,fx_est,fy_gt,fy_est,cx_gt,cx_est,cy_gt,cy_est,rms,mean_reproj_error,fx_err_px,fy_err_px,cx_err_px,cy_err_px,K_fro_err,mean_focal_rel_err_pct,dist_l2_err
40,40,640,480,608.0,609.9738695665809,620.16,622.3599431615072,326.4,325.83415296522566,235.2,233.8779744403957,0.07596592306569495,0.07596617686507846,1.9738695665809018,2.1999431615072353,-0.5658470347743219,-1.322025559604299,3.286920356009053,0.33969379832783114,0.31361998495352483
